10001,Kirk Height
10002,Rolph Feaviour
10003,Bethany Summerley
10004,Gerty Delacour
10005,Kimbra Ambroix
10006,Valentino Cockshtt
10007,Cortney Darque
10008,Blair Lennon
10009,Krishna Racine
10010,Doll Sheards
10011,Tomaso Twining
10012,Georgi Oldridge
10013,Zachariah Mayhead
10014,Joyan Hurch
10015,Gerrie Cheeseman
10016,Zacherie Griffey
10017,Jeno Dowdle
10018,Errol Lysons
10019,Min Oaten
10020,Jackie Ickovicz
10021,Alexia Daburn
10022,Colver Riall
10023,Jose Sumpter
10024,Delmor Corradini
10025,Xever Castille
10026,Lotty Bendall
10027,Iggie Shade
10028,Kearney Elnaugh
10029,Aldus Keets
10030,Eleanor Dodell
10031,Hastie Landeg
10032,Ezekiel Neesham
10033,Kaia Sandon
10034,Amber Aulsford
10035,Taddeusz Whittleton
10036,Quintin Prozescky
10037,Dante Maes
10038,Shannon Selly
10039,Skipp Kovalski
10040,Aeriell Beelby
10041,Bat Liddel
10042,Garrett Bedder
10043,Hadrian Jonas
10044,Myrtie Millsap
10045,Blanch Bolstridge
10046,Bernetta Orht
10047,Brittni Robelow
10048,Bel Fairfoul
10049,Salome Bemment
10050,Lesly Lightman
10051,Lorens St. Aubyn
10052,Anstice Landman
10053,Sharron Maciejak
10054,Austina Burchard
10055,Raven Carney
10056,Ajay Fairbard
10057,Gan Ramsdale
10058,Pail Peirson
10059,Tine Sweedy
10060,Ginni Filasov
10061,Annie Bedells
10062,Andras Stonham
10063,Abbe Ivey
10064,Ketty Trunby
10065,Early Akram
10066,Ranice Casserly
10067,Corina Berrey
10068,Jennette Tuminini
10069,Lissa Shotter
10070,Raphael Lindfors
10071,Arline Ashbrook
10072,Mab Helling
10073,Mandie Basil
10074,Nick Schutter
10075,Melba Jakel
10076,Leroy Killingbeck
10077,Carlie Ineson
10078,Ram Bagge
10079,Ax Fussie
10080,Kaycee Doman
10081,Lavinia Rubega
10082,Katy Slisby
10083,Bil Kill
10084,Jenni Seathwright
10085,Estrellita Guesford
10086,Roth Goshawke
10087,Leonie Amner
10088,Duffy Coy
10089,Yalonda Goodlife
10090,James Petherick
10091,Etty Thrift
10092,Faustine Aseef
10093,Godfrey Stinson
10094,Saba Burgis
10095,Adoree Saffran
10096,Janette Stoacley
10097,Valina Prettyjohns
10098,Bennett Van der Beek
10099,Kerry Poyser
10100,Marylou Blundan
10101,Deena Spinley
10102,Wally Form
10103,Verge Itskovitz
10104,Merlina Hindhaugh
10105,Joete Churchill
10106,Demetris Falla
10107,Nappie Heatherington
10108,Gizela Ferreiro
10109,Dorthy Adelberg
10110,Hobart Fontes
10111,Faina Ebbrell
10112,Vin Fratson
10113,Audrye Wyer
10114,Abeu Toomey
10115,Dorrie Goldsberry
10116,Nicolis Waggitt
10117,Berkly Gherarducci
10118,Alane Deevey
10119,Sile Bradwell
10120,Fina Broddle
10121,Winifield Haxby
10122,Anastassia Meany
10123,Hilary Ivshin
10124,Cordy Vann
10125,Ashla Pellitt
10126,Derby Van Hault
10127,Cesaro MacElholm
10128,Solly Carnihan
10129,Morty Gurr
10130,Barbabas Volage
10131,Anny Bresnahan
10132,Jereme Fawdrie
10133,Patrick Bartolomeoni
10134,Horatio Pearcy
10135,Libbie Deakes
10136,Wallis Crottagh
10137,Adelina Cuncliffe
10138,Kimmy Vernau
10139,Godiva Henriquet
10140,Wendi Duffree
10141,Colas Leeke
10142,Lorne Gudgeon
10143,Aidan Wivell
10144,Ferne Langabeer
10145,Sergeant Gainsbury
10146,Sollie Suttling
10147,Odessa Goodison
10148,Cassy Buggs
10149,Fifine Godly
10150,Temple Petracci
10151,Decca Djekovic
10152,Clare Taile
10153,Arlan Keerl
10154,Cordi Lynch
10155,Henriette Binnion
10156,Anjanette Beall
10157,Dene Gratrex
10158,Brigida Ghilardi
10159,Solly Pellamont
10160,Candide Lodder
10161,Jillayne Stockman
10162,Mohandas McAulay
10163,Shandie Oaten
10164,Miles Lowry
10165,Malcolm Ulster
10166,Anetta Standley
10167,Adams Sighard
10168,Martha Tuer
10169,Kiah Cory
10170,Domingo Physick
10171,Fay Fourmy
10172,Valentina Mattin
10173,Priscella Lessmare
10174,Gaye Brooksbank
10175,Cristobal Kochlin
10176,Orlan Taillant
10177,Wayne Aguirrezabal
10178,Morse Drinkwater
10179,Olga Gerdts
10180,Rossie Penrice
10181,Rudolfo McCloud
10182,Rheta Dabernott
10183,Oran Eagles
10184,Eugene Lower
10185,Elfreda Surgood
10186,Floris Stanbra
10187,Maureen Arniz
10188,Lorain Antoniak
10189,Michelle Waberer
10190,Merle Atling
10191,Benoite Cawthera
10192,Gilbertine Ching
10193,Lovell Goggen
10194,Sammy Ajean
10195,Garland Saill
10196,Tyrus Douris
10197,Joyann Heavens
10198,Wat Haddleston
10199,Ula Feather
10200,Tonya Craighill
10201,Torr Minard
10202,Keriann Stoffler
10203,Marta Blinde
10204,Lenna Schrei
10205,Basia Marqyes
10206,Trula Igoe
10207,Rosemarie Dowty
10208,Goldy Arnault
10209,Ric Campana
10210,Karel Ponceford
10211,Coral MacChaell
10212,Leonidas Flatman
10213,Rice Enrrico
10214,Jareb Loxly
10215,Valencia Kingsley
10216,Wolf Streetley
10217,Phedra Monument
10218,Brady Caudwell
10219,Eli Bagnold
10220,Cordie Ludlam
10221,Conrade Follit
10222,Tanner Gommery
10223,Jilli Jillins
10224,Aguistin Bloxham
10225,Cyndie Petera
10226,Brietta Gallone
10227,Blinnie Stanner
10228,Archibald Kenvin
10229,Shepherd Klimp
10230,Milly Milbourne
10231,Tiphani Purkess
10232,Marlane Blodgett
10233,Lydia Sigmund
10234,Emelia Haysham
10235,Dianna Brackenridge
10236,Finn Widdows
10237,Clarabelle Tower
10238,Emlyn Finlay
10239,Gail Jeske
10240,Mela Goakes
10241,Consuela Bour
10242,Jorry Gland
10243,Venus Verity
10244,Heriberto Reeder
10245,Janek Bernardino
10246,Merwin Hymer
10247,Eadith Youngman
10248,Aristotle Kuna
10249,Darb Tremouille
10250,Adella Kausche
10251,Edie Mears
10252,Van Sphinxe
10253,Cole Ayto
10254,Aubree Danskine
10255,Rici Fairholme
10256,Augustin Morfett
10257,Carmen Lovering
10258,Marice Piell
10259,Lola Deuss
10260,Loreen Grubbe
10261,Glen Iggalden
10262,Rhodia Worrell
10263,Alexina Peltz
10264,Wayland Nevinson
10265,Eleanore Tomas
10266,Caritta Timmons
10267,Norina Hallybone
10268,Cheslie O'Lochan
10269,Artur Bremond
10270,Tish Sybe
10271,Matteo Cappleman
10272,Jenine Caldroni
10273,Elinore Rosewall
10274,Eran Bedrosian
10275,Anjela Lipyeat
10276,Barnie Archer
10277,Hartley Legon
10278,Mikael Piscotti
10279,Addy Iannitti
10280,Willi Shuttle
10281,Dun Gratrix
10282,Sherwood Noad
10283,Adham Flaverty
10284,Janeva Poland
10285,Pierce Kiggel
10286,Rolph Gilloran
10287,Doroteya Fedorchenko
10288,Chaddy Scoines
10289,Doria Jirek
10290,Averil Botterman
10291,Prudi McLarens
10292,Basil Linnock
10293,Lotti Rookwell
10294,Cybill Swift
10295,Langston Wilfling
10296,Gates Duiguid
10297,Bernita Gianiello
10298,Myrtia Killiam
10299,Lindsy Mussotti
10300,Alejandro O'Dulchonta
10301,Elonore Frenzl
10302,Arleta Goodfellowe
10303,Cayla Barron
10304,Filia Hold
10305,Elena Accum
10306,Casey Shedden
10307,Berty Crowest
10308,Sam Burland
10309,Connie Teresi
10310,Norma Fetherstonhaugh
10311,Ritchie Dubock
10312,Kristine Roache
10313,Kale Ballay
10314,Ivonne Dulson
10315,Burk Mapes
10316,Cinnamon Vickors
10317,Linn Giovannetti
10318,Zeb Farnorth
10319,Georgeanne Horstead
10320,Janie Del Monte
10321,Jens Andras
10322,Teena Drinkall
10323,Tybi Patria
10324,Karalee O'Hallihane
10325,Nada Kinnane
10326,Gaspard Schimann
10327,Vanni Rolfs
10328,Tybalt Reynold
10329,Livvy Ducker
10330,Lynn Frane
10331,Alric Tow
10332,Patricia McDugal
10333,Pyotr Matzkaitis
10334,Giuditta Souza
10335,Norina Beddow
10336,Lorelle Smallbone
10337,Antony Seebert
10338,Ofella Dron
10339,Christabel Averies
10340,Darin Kuhlmey
10341,Bond Spillane
10342,Delmor Bugbee
10343,Sabrina Bevar
10344,Griswold Loud
10345,Peterus Gamell
10346,Gayle Kinforth
10347,Wilton Safe
10348,Jeanette Reavey
10349,Normie Boumphrey
10350,Hurlee Swinnerton
10351,Eryn Biggen
10352,Allys Clearley
10353,Linnet Davison
10354,Almeda Parkhouse
10355,Hanson McRitchie
10356,Minette Midgely
10357,Cherri Santacrole
10358,Madella Kenworthy
10359,Idette Bretton
10360,Nadeen Domenichini
10361,Damon Aires
10362,Nikki Best
10363,Rogers Siggers
10364,Cathrine Labbey
10365,Neysa Velti
10366,Cliff Baldung
10367,Miriam Templeman
10368,Fremont Biggs
10369,Hetti Mila
10370,Catherina Mongenot
10371,Dareen Pear
10372,Davis McMearty
10373,Malynda Catlin
10374,Emmaline Titcumb
10375,Lanie Teather
10376,Myrtle Borlease
10377,Judd Bucher
10378,Ethelred Hearty
10379,Baird Walling
10380,Tracey Handscombe
10381,Min Peat
10382,Selena Coughtrey
10383,Sayer Mackilpatrick
10384,Gussy Edmands
10385,Gal Enochsson
10386,Constantina Wassell
10387,Claudie Simo
10388,Forbes Kingett
10389,Priscilla Ber
10390,Marna Berndsen
10391,Cliff Higginbottam
10392,Errol Tape
10393,Danita Furnell
10394,Jessee Attenbarrow
10395,Klement Lembke
10396,Libbie Tissier
10397,Geordie Potteridge
10398,Jocelyne Mintoft
10399,Robina Dann
10400,Vallie Purbrick
10401,Amye Velasquez
10402,Gilligan Kassman
10403,Aindrea Farloe
10404,Desiri Splevins
10405,Katherina Chastenet
10406,Raul Rennix
10407,Quintina Estoile
10408,Griswold Standish-Brooks
10409,Ange Vernham
10410,Pam Jamme
10411,Eustacia Duinbleton
10412,Eugenio Earwaker
10413,Evyn Carrigan
10414,Isacco Harman
10415,Mikol Pearse
10416,Tandi Spering
10417,Elvina de'-Ancy Willis
10418,Lisetta Cridlin
10419,Janeta Runnett
10420,Lucie Kilford
10421,Bailie Cawthorn
10422,Audy Domenichelli
10423,Everard Yushin
10424,Gleda De Goey
10425,Portie Jacobsson
10426,Dione Tresise
10427,Emmye Seals
10428,Kelsi Bottrill
10429,Robyn Ghelarducci
10430,Feliza McCadden
10431,Kyle Achrameev
10432,Thor Swyn
10433,Cybill Tune
10434,Maurie Stailey
10435,Port Verdun
10436,Letta Froud
10437,Ethelbert Shank
10438,Caterina Francom
10439,Henri Gopsill
10440,Mathilda Blinkhorn
10441,Malena Shillam
10442,Aldus Duigenan
10443,Evania Loughnan
10444,Emalia Misken
10445,Electra Flewitt
10446,Pennie Hannay
10447,Laura Hatto
10448,Stillman Goodoune
10449,Mariele Shoute
10450,Prince Oldrey
10451,Vicky Crockley
10452,Hammad Ameer-Beg
10453,Kristofer Hardin
10454,Geralda McClements
10455,Costanza Pencott
10456,Shelton Lomasna
10457,Jocelin Gabbott
10458,Paloma McLachlan
10459,Yetty Mandrier
10460,Tamma Grewer
10461,Romona Cussen
10462,Silva Duckworth
10463,Lind Raphael
10464,Emmeline Heaven
10465,Daryn Steward
10466,Ewen Perton
10467,Skippie Shanks
10468,Edithe Finessy
10469,Maitilde Hanse
10470,Monika Hassen
10471,Bernadette Licas
10472,Vachel Clousley
10473,Tomlin Estoile
10474,Kelwin Ansill
10475,Isabelle Sarjent
10476,Farica Emmanueli
10477,Roxanna Immer
10478,Jada Lecount
10479,Tedie Dansey
10480,Carlye Ughi
10481,Tito Nicolson
10482,Dorey Manis
10483,Tabitha Touzey
10484,Natala Walley
10485,Claire Mynett
10486,Rubi Wyrall
10487,Vivian Wrigglesworth
10488,Kiley Gowling
10489,Giffie Hampson
10490,Nichole Marquese
10491,Timotheus Peniello
10492,Mignonne Bernaldez
10493,Herman Swalwel
10494,Jecho Gorton
10495,Loria Eby
10496,Emlynne Youngman
10497,Ade Mouget
10498,Debee Glasscoe
10499,Garald Lynock
10500,Emilio Ivashinnikov
10501,Arron Huguet
10502,Feliza Lansdown
10503,Janessa Emmanueli
10504,Jose Dipple
10505,Brigid Bullcock
10506,Ula Brumbye
10507,Marquita Boustred
10508,Joane Pfaff
10509,Tamarra Burtwistle
10510,Estrellita Furber
10511,Nappie Longbothom
10512,Sheffie Seary
10513,Jolee Edwicke
10514,Dannie Peyto
10515,Evania Waller-Bridge
10516,Emelen Guerin
10517,Kellby Sandaver
10518,Jessalin Fallowfield
10519,Buddy Komorowski
10520,Claudius Joysey
10521,Corabelle Leighton
10522,Tomkin Rousel
10523,Fay Dash
10524,Francklin Davidovitz
10525,Baily Quaife
10526,Wain Rough
10527,Sue Nares
10528,Shurlock Churches
10529,Stormi Morlon
10530,Claudian Terzi
10531,Grete McMarquis
10532,Kimberley Hendrich
10533,Elsa Hugli
10534,Thorsten Habbert
10535,Nikita Lamprey
10536,Christina Gallifont
10537,Omero Merwe
10538,Ketty Hawse
10539,Marguerite Letchford
10540,Steward Garza
10541,Shelli Gowdy
10542,Fonz Taks
10543,Marja Pickles
10544,Con Dacks
10545,Delainey Surmeyers
10546,Franky Coult
10547,Berk Hamberston
10548,Theressa Casarino
10549,Ranique Billison
10550,Zach Magauran
10551,Abra Teape
10552,Daisie Eronie
10553,Thatch Suttle
10554,Arlie Semon
10555,Klarika Conneely
10556,Worth Kleyn
10557,Lesya Leishman
10558,Simone McGuirk
10559,Becki Fealy
10560,Pegeen Kinglesyd
10561,Esta Hunnisett
10562,Sinclair Woliter
10563,Haydon Pietraszek
10564,Zsazsa Kobiera
10565,Justine Fearnill
10566,Ailbert Gaitone
10567,Stanfield Filer
10568,Paula Kohnemann
10569,David Coultass
10570,Standford Pavlishchev
10571,Elsy Martensen
10572,Rivi Feavers
10573,Dougy Hastler
10574,Panchito Roofe
10575,Kati Richardot
10576,Chariot Drinan
10577,Darrelle Lages
10578,Trudey Hawthorne
10579,Sissie Hankey
10580,Maurene Seyers
10581,Giuseppe Pere
10582,Jimmy Weippert
10583,Kessia Scardifeild
10584,Arlinda Bliven
10585,Ardelia Boardman
10586,Livia Botterell
10587,Poul Proffitt
10588,Stavros Gownge
10589,Gabriello Ayree
10590,Bone Alastair
10591,Rheba Knutton
10592,Dore Bamforth
10593,Glyn Blazy
10594,Ossie Edelman
10595,Allyson Dallow
10596,Rikki Fawckner
10597,Wilfrid Rens
10598,Pamela Sabater
10599,Cecil Garrigan
10600,Coreen Garnall
10601,Trenton Affleck
10602,Giulia Goman
10603,Lizette Maslen
10604,Debbie McFarlan
10605,Krisha Marchello
10606,Conrado Capstaff
10607,Em Mansell
10608,Darelle Tupie
10609,Joly Milsap
10610,Salli Offner
10611,Bjorn Stone
10612,Lauryn Nulty
10613,Layney Fears
10614,Mateo Hamson
10615,Cherrita Troak
10616,Helene Schiell
10617,Ebba Gourdon
10618,Tabor Sapson
10619,Wilden Grimolbie
10620,Bertram Ducker
10621,Igor Daymont
10622,Vita Bedow
10623,Tracy Aldgate
10624,Hamid Pattinson
10625,Hugo Grigg
10626,Agnella Durden
10627,Dena Reis
10628,Jesselyn Figger
10629,Larry Samuel
10630,Aubrie Yeatman
10631,Ado Dudney
10632,Meagan Mauvin
10633,Eveline Bartoshevich
10634,Ileane Vockings
10635,Trey Iskov
10636,Franz Roberson
10637,Arleta Held
10638,Bordy Stolberg
10639,Cort Ivashintsov
10640,Kinna Jedrachowicz
10641,Rogers Gulberg
10642,Allen Corse
10643,Netta Greenman
10644,Eada Dillistone
10645,Trudie Baildon
10646,Mathew Goldes
10647,Niven Tutsell
10648,Tiertza Abazi
10649,Mignon Tolumello
10650,Pierette McFadin
10651,Melosa Rame
10652,Balduin De Luna
10653,Abey Wolfer
10654,Camel Mansbridge
10655,Carny Blackshaw
10656,Ricard Tysall
10657,Cacilie Chettoe
10658,Romeo Henstridge
10659,Marius Stygall
10660,Adora Nelmes
10661,Paolina Atkyns
10662,Gregorius Monnoyer
10663,Doroteya Besse
10664,Linn Gillio
10665,Maurine Cordon
10666,Gene Gaunter
10667,Rois Petegree
10668,Timothy Bardsley
10669,Maximilianus de Clercq
10670,Natassia Threlkeld
10671,Kelila Hotton
10672,Randy Tomalin
10673,Lorain Aust
10674,Ynez Rarity
10675,Pat Burmaster
10676,Fredi Flintoff
10677,Aurea Leese
10678,Desiree Pierton
10679,Nicole Corney
10680,Susannah Beckmann
10681,Heather Croan
10682,Cull Cakes
10683,Joycelin Saleway
10684,Maryann Foxten
10685,Alex Fellow
10686,Phaedra Tremmel
10687,Lisbeth Bohje
10688,Raimondo Olenikov
10689,Randie Skough
10690,Nananne Duley
10691,Buiron Bulley
10692,Janeta Pettiward
10693,Jordan Faier
10694,Emera Husthwaite
10695,Christean Dummigan
10696,Clywd Hedges
10697,Dulci Tayspell
10698,Jessica Denzilow
10699,Aldis Dyshart
10700,Gun Vanini
10701,Ashlee Shrubb
10702,Judie Ledner
10703,Damaris Ziemen
10704,Estevan Maunsell
10705,Ranice Kryszkiecicz
10706,Frederick Kerwen
10707,Georgena Holleran
10708,Beverlie McCulloch
10709,Antonietta Moakler
10710,Hobart Orry
10711,Izaak Sea
10712,Kirstin Petyt
10713,Brigham Gravet
10714,Dmitri Linne
10715,Rafael O'Dreain
10716,Emmalyn Freckleton
10717,Standford Koschke
10718,Hollie Winspare
10719,Ardine Roughey
10720,Ilyssa Meneur
10721,Zarah Parkisson
10722,Dollie Sherel
10723,Reinold Barribal
10724,Valeda Salvage
10725,Jaime Cuerdall
10726,Dugald Tolson
10727,Cornelle Matiashvili
10728,Maison Hanny
10729,Angelita Mersh
10730,Ezmeralda Persey
10731,Jourdain Coldrick
10732,Brande Fishpoole
10733,Scotty Hutchence
10734,Colleen Blagdon
10735,Cristiano Trays
10736,Muffin Margerison
10737,Stanislaw Spanton
10738,Guido Cunio
10739,Yuma Thorlby
10740,Marketa Josham
10741,Rori Menchenton
10742,Averil Brecknock
10743,Daniella Robke
10744,Ursala Valencia
10745,Kacie Eastway
10746,Augusto Reicharz
10747,Pepillo Gooden
10748,Corri Game
10749,Mitchael Willshire
10750,Aldridge Boothby
10751,Hazel Paulin
10752,Cecil Loghan
10753,Laurence Ishak
10754,Cele Campelli
10755,Maggy Reoch
10756,Gustaf Tryhorn
10757,Shina Farrans
10758,Donall Vasenin
10759,Hanan Blackney
10760,Efrem Thursfield
10761,Evangelia Wise
10762,Odella Kingman
10763,Dill Schruyers
10764,Tedi Ware
10765,Desmund Markham
10766,Norina Seabrocke
10767,Milissent Valens-Smith
10768,Reggis Spriggen
10769,Fayre Sperski
10770,Werner Simka
10771,Aleece Jory
10772,Henryetta Cockshot
10773,Cicely Wild
10774,Cedric Losano
10775,Mariann Acton
10776,Jerrine Kezourec
10777,Kriste Mullord
10778,Francis Oldershaw
10779,Dyana Harrad
10780,Ogdon Haukey
10781,Shay De Hoogh
10782,Dallas Maevela
10783,Jean Galbreth
10784,Gardie Ferrarese
10785,Esme Heard
10786,Myca Mildmott
10787,Nathalie Greaterex
10788,Brittany Oldridge
10789,Crissie Nezey
10790,Randi Rosenzveig
10791,Trace Elfleet
10792,Karlan Hallex
10793,Betta Heineking
10794,Margaretha Jambrozek
10795,Anya Gooly
10796,Denyse Shah
10797,Cosetta Watkiss
10798,Kristina Hocking
10799,Dirk Peebles
10800,Gilbertina Mustoe
10801,Barbey Pennrington
10802,Aleta Josephoff
10803,Charmaine Raybould
10804,Vinny Abeau
10805,Van Overton
10806,Whitby Dobing
10807,Shoshanna Tarte
10808,Katusha Dunston
10809,Mace Mitchinson
10810,Shayne Winslade
10811,Noella Bellinger
10812,Ericha Midden
10813,Rebekkah Swann
10814,Giselbert Barnhill
10815,Trace Digman
10816,Lezley Wyne
10817,Maryl Ondra
10818,Wayne Rowden
10819,Desmund Imason
10820,Clifford Faulds
10821,Stefano Guile
10822,Pierrette Shervil
10823,Archie Cowperthwaite
10824,Claudia Poulsom
10825,Turner Eloi
10826,Rosene Drabble
10827,Richmond Armstrong
10828,Bellanca Tainton
10829,Charlie Wannan
10830,Halsey Bandiera
10831,Malvina Bauer
10832,Booth Garrow
10833,Nelie Thwaite
10834,Evonne Beausang
10835,Davine Borsnall
10836,Netta Molohan
10837,Gothart Gyde
10838,Bradan Boyle
10839,Gordon Hasluck
10840,Farley Revey
10841,Veronika Flancinbaum
10842,Kayley Binley
10843,Vassili Adamkiewicz
10844,Esmaria Challace
10845,Arlene Fallis
10846,Angelika Gorman
10847,Chelsie Scriviner
10848,Hastings Coger
10849,Kenon Cawthorn
10850,Con Rosendahl
10851,Robinett Busk
10852,Paulina Mesnard
10853,Lorine Whithalgh
10854,Lethia Berthe
10855,Layton Pote
10856,Alis Malin
10857,Silvio Ordidge
10858,Marji Caygill
10859,Jose Breheny
10860,Yulma Camillo
10861,Wendel Ketchell
10862,Artemus McCay
10863,Alfred Mechell
10864,Dillon Eastgate
10865,Rollo Grzes
10866,Lucretia Busen
10867,Tadeo Savill
10868,Joscelin Gytesham
10869,Devland Lenchenko
10870,Ruthie Harston
10871,Vere Duckit
10872,Waylon Adriaan
10873,Andrei Matias
10874,Addi Hegge
10875,Candie Beaudry
10876,Alverta Plett
10877,Bren Casali
10878,Albertina Tebbe
10879,Ike Blazevic
10880,Taber Vincent
10881,Mercedes Dulake
10882,Joshua Peverell
10883,Byram Kubu
10884,Humfried Gilliat
10885,Wittie McCrisken
10886,Ax Clatworthy
10887,Desmund Lurner
10888,Giordano McGaugie
10889,Gabriello Du Barry
10890,Nanete Dougharty
10891,Stavro Kedward
10892,Rice MacAscaidh
10893,Faustina O'Fallon
10894,Raeann Buncombe
10895,Shurlock Lapish
10896,Lola Thay
10897,Nappie Clemencon
10898,Saxe Gull
10899,Babb McCathy
10900,Kara-lynn Lutton
10901,Tootsie Cuniam
10902,Elladine Gash
10903,Kennett Killingbeck
10904,Gerrie Hamshaw
10905,Masha Canham
10906,Tabb Harrod
10907,Mart Codner
10908,Vern McLaren
10909,Armand Borris
10910,Cele Ledley
10911,Ingram Bresland
10912,Trish Yon
10913,Gilbert Mollon
10914,Wallace Smithyman
10915,Dianemarie Whitman
10916,Cooper Wessel
10917,Cal Lomasney
10918,Devina Lappine
10919,Jamima Dawbury
10920,Valli Rozec
10921,Sibyl Joselin
10922,Annalee Corck
10923,Barron Kimmince
10924,Tammara Petrov
10925,Ber Evans
10926,Gipsy Case
10927,Hillary Nealey
10928,Alfie Nisard
10929,Cleo Janauschek
10930,Lynelle Burnapp
10931,Ciel Kirkby
10932,Faulkner Kingwell
10933,Maybelle Kennicott
10934,Janey Nias
10935,Michel Fraser
10936,Gilberta Naile
10937,Charlena Hoogendorp
10938,Emile Medina
10939,Conchita Dasent
10940,Rickey Dallaghan
10941,Chanda California
10942,Kristo Belfield
10943,Adriaens Schaben
10944,Michele Guillot
